attendance_id,member_id,attendance_date,check_in_time,duration_minutes,workout_type,trainer_id,attendance_status
1,20,30-04-2026,08:30,58,Functional Training,1,Late
2,71,28-04-2026,20:45,79,Strength Training,7,Present
3,138,03-01-2026,15:30,39,Zumba,7,Present
4,60,16-06-2026,14:00,84,Zumba,6,Late
5,59,27-01-2026,14:15,104,Functional Training,6,Present
6,104,14-07-2026,09:00,87,General Workout,6,Late
7,113,17-05-2026,09:45,48,Functional Training,5,Late
8,103,17-03-2026,08:15,48,Cardio,3,Present
9,141,28-03-2026,10:30,100,Cardio,3,Present
10,120,15-07-2026,20:00,92,CrossFit,8,Present
11,147,28-05-2026,18:00,92,Zumba,8,Present
12,82,06-05-2026,16:45,84,Cardio,6,Present
13,75,14-06-2026,12:45,92,Cardio,8,Present
14,49,18-01-2026,18:15,63,General Workout,5,Late
15,18,06-05-2026,20:30,96,Strength Training,7,Present
16,11,30-07-2026,12:15,31,Cardio,2,Late
17,44,02-08-2026,10:00,56,General Workout,6,Late
18,88,09-01-2026,16:00,90,General Workout,8,Late
19,130,24-07-2026,16:30,75,CrossFit,2,Present
20,29,09-08-2026,18:15,108,Strength Training,4,Present
21,115,23-01-2026,21:30,70,General Workout,2,Present
22,55,23-03-2026,09:00,71,Zumba,4,Late
23,132,26-04-2026,12:45,81,CrossFit,5,Late
24,20,20-03-2026,20:15,47,Strength Training,2,Present
25,70,05-04-2026,10:45,91,Cardio,4,Present
26,115,11-03-2026,14:00,67,Strength Training,1,Late
27,72,14-02-2026,11:30,56,General Workout,2,Present
28,55,20-02-2026,16:00,95,General Workout,4,Present
29,75,28-06-2026,16:45,66,General Workout,5,Present
30,84,18-05-2026,18:45,51,General Workout,8,Present
31,35,04-04-2026,10:00,120,Yoga,3,Late
32,95,16-08-2026,08:00,116,Functional Training,7,Present
33,101,20-08-2026,16:15,75,Functional Training,1,Present
34,121,27-07-2026,08:00,76,Strength Training,7,Present
35,149,20-03-2026,19:00,71,Yoga,2,Present
36,14,05-01-2026,07:45,38,Yoga,7,Present
37,94,26-03-2026,20:15,119,Strength Training,4,Present
38,134,18-05-2026,13:00,51,Strength Training,7,Present
39,66,06-06-2026,07:15,58,Strength Training,5,Present
40,1,22-07-2026,16:00,118,CrossFit,2,Present
41,37,27-07-2026,20:30,71,Strength Training,6,Present
42,144,02-08-2026,13:30,66,CrossFit,5,Present
43,90,21-01-2026,16:30,109,Functional Training,4,Present
44,139,23-01-2026,20:00,54,Functional Training,7,Present
45,49,26-06-2026,20:15,31,Functional Training,4,Late
46,94,06-02-2026,19:00,70,CrossFit,7,Present
47,84,07-07-2026,09:15,114,CrossFit,7,Present
48,38,29-03-2026,13:15,73,CrossFit,6,Present
49,117,10-01-2026,21:15,33,Zumba,1,Present
50,138,09-04-2026,11:45,89,Strength Training,3,Late
51,71,29-07-2026,14:30,50,CrossFit,5,Present
52,108,12-06-2026,06:30,56,Cardio,1,Present
53,27,06-05-2026,11:45,41,Yoga,3,Present
54,86,27-01-2026,16:15,39,CrossFit,6,Late
55,103,25-04-2026,17:15,82,Cardio,6,Present
56,135,11-05-2026,17:15,96,Strength Training,3,Present
57,115,02-05-2026,07:00,58,Cardio,8,Present
58,128,08-01-2026,18:00,45,CrossFit,7,Late
59,99,19-03-2026,14:45,106,CrossFit,4,Late
60,111,10-05-2026,09:45,88,Functional Training,7,Present
61,49,21-08-2026,15:15,54,CrossFit,6,Late
62,97,12-01-2026,11:45,116,Zumba,4,Late
63,86,10-03-2026,20:30,42,Yoga,5,Late
64,122,20-06-2026,12:15,111,Strength Training,8,Present
65,60,19-04-2026,18:15,31,General Workout,5,Present
66,101,25-01-2026,08:00,94,General Workout,4,Present
67,26,02-05-2026,11:00,70,Yoga,1,Present
68,148,29-01-2026,17:15,53,Cardio,7,Late
69,6,30-04-2026,15:30,118,Functional Training,4,Present
70,117,01-03-2026,19:45,74,Cardio,3,Late
71,41,06-04-2026,17:30,116,CrossFit,6,Present
72,113,21-03-2026,21:15,83,General Workout,1,Present
73,22,05-02-2026,07:15,79,CrossFit,3,Late
74,119,23-02-2026,19:45,114,CrossFit,7,Late
75,124,19-01-2026,18:45,55,Cardio,7,Present
76,140,26-05-2026,09:30,33,Zumba,4,Late
77,145,26-06-2026,20:30,108,CrossFit,3,Present
78,78,02-04-2026,06:00,62,CrossFit,2,Present
79,141,08-01-2026,21:15,82,General Workout,6,Present
80,10,19-03-2026,12:45,62,Yoga,1,Present
81,90,12-02-2026,09:45,35,CrossFit,7,Present
82,137,21-08-2026,19:30,57,Yoga,2,Present
83,75,01-05-2026,07:45,82,General Workout,2,Present
84,124,28-03-2026,07:30,106,Functional Training,8,Present
85,102,13-02-2026,10:45,119,Strength Training,5,Present
86,30,19-06-2026,20:00,87,Zumba,8,Present
87,87,09-07-2026,14:15,100,Functional Training,5,Present
88,33,04-02-2026,11:30,33,Functional Training,5,Present
89,84,22-01-2026,20:45,35,Yoga,4,Present
90,54,22-05-2026,08:45,49,General Workout,2,Late
91,140,19-02-2026,16:45,95,Cardio,7,Present
92,20,22-08-2026,06:30,94,Cardio,1,Present
93,84,28-07-2026,11:30,91,Zumba,8,Present
94,52,10-01-2026,07:30,35,Strength Training,8,Late
95,96,26-04-2026,15:45,99,Cardio,1,Present
96,4,10-05-2026,09:00,47,Strength Training,3,Present
97,53,16-01-2026,19:30,64,CrossFit,8,Present
98,33,17-08-2026,13:45,84,Strength Training,8,Present
99,10,26-06-2026,14:30,61,Strength Training,2,Late
100,30,16-05-2026,09:30,69,General Workout,4,Present
101,114,12-04-2026,06:00,41,Strength Training,2,Present
102,13,27-06-2026,18:45,84,Cardio,3,Present
103,84,27-03-2026,13:15,100,Strength Training,6,Present
104,127,22-06-2026,07:00,62,CrossFit,6,Late
105,107,17-01-2026,10:45,75,Functional Training,3,Present
106,147,23-01-2026,12:00,45,Yoga,7,Present
107,12,23-02-2026,11:30,112,Zumba,4,Present
108,122,26-01-2026,18:15,56,General Workout,3,Present
109,28,10-01-2026,07:15,102,Yoga,3,Present
110,78,10-02-2026,09:30,61,Cardio,4,Present
111,121,06-07-2026,21:15,43,Cardio,4,Present
112,116,09-07-2026,18:00,108,General Workout,6,Present
113,14,03-06-2026,16:30,48,Cardio,2,Present
114,29,16-04-2026,21:15,100,Functional Training,6,Present
115,9,28-01-2026,16:45,89,Strength Training,2,Late
116,29,19-01-2026,11:00,44,CrossFit,5,Present
117,90,31-03-2026,14:00,109,Yoga,8,Present
118,134,18-07-2026,12:30,33,Zumba,4,Present
119,57,13-06-2026,15:00,110,Cardio,1,Late
120,7,18-01-2026,14:45,99,Yoga,3,Present
121,75,06-08-2026,06:30,105,Cardio,1,Present
122,60,28-03-2026,07:00,102,Cardio,7,Present
123,37,16-01-2026,07:15,112,Yoga,7,Present
124,40,01-01-2026,12:30,34,General Workout,8,Late
125,74,26-01-2026,17:15,68,Zumba,8,Late
126,6,27-03-2026,13:15,79,Yoga,7,Present
127,16,16-01-2026,09:00,32,Zumba,8,Present
128,58,12-01-2026,21:00,118,General Workout,1,Present
129,89,26-06-2026,12:45,107,General Workout,2,Present
130,25,26-04-2026,10:45,45,General Workout,8,Present
131,34,19-03-2026,16:30,102,General Workout,1,Present
132,96,06-02-2026,13:00,54,Cardio,4,Present
133,2,26-06-2026,10:45,64,Functional Training,5,Present
134,144,30-01-2026,19:30,110,Strength Training,7,Present
135,98,08-08-2026,18:00,57,Strength Training,5,Late
136,92,17-08-2026,19:45,103,Zumba,6,Present
137,118,25-05-2026,14:45,67,Strength Training,3,Present
138,11,08-05-2026,20:15,119,General Workout,6,Late
139,83,23-07-2026,17:00,106,Cardio,1,Present
140,10,24-02-2026,15:30,64,Zumba,4,Present
141,39,08-06-2026,20:30,35,CrossFit,8,Late
142,51,01-06-2026,14:30,32,Yoga,2,Present
143,56,12-05-2026,09:30,103,CrossFit,5,Present
144,10,18-02-2026,14:00,90,Yoga,2,Present
145,40,14-08-2026,06:30,85,Functional Training,1,Present
146,97,09-08-2026,13:30,77,Yoga,7,Present
147,106,09-05-2026,16:45,46,Cardio,4,Present
148,96,28-01-2026,19:00,82,CrossFit,7,Present
149,2,28-03-2026,10:45,72,Cardio,8,Present
150,58,03-03-2026,19:45,75,Strength Training,7,Present
151,142,04-02-2026,12:45,84,Zumba,6,Present
152,74,05-08-2026,10:45,73,General Workout,6,Late
153,11,17-07-2026,12:30,105,CrossFit,1,Present
154,55,06-05-2026,10:45,116,Cardio,4,Present
155,124,18-05-2026,16:45,39,Cardio,5,Present
156,66,09-06-2026,09:30,92,Zumba,6,Present
157,44,25-07-2026,10:30,54,Zumba,6,Present
158,47,05-02-2026,18:15,43,Cardio,6,Present
159,18,24-04-2026,06:15,88,CrossFit,6,Present
160,22,21-08-2026,19:15,41,Yoga,5,Late
161,26,01-03-2026,14:15,119,General Workout,6,Late
162,87,07-03-2026,19:15,34,Yoga,6,Present
163,141,01-06-2026,16:45,64,Functional Training,3,Present
164,57,12-06-2026,18:00,82,Functional Training,3,Present
165,135,27-05-2026,18:45,68,Functional Training,6,Present
166,117,22-08-2026,08:15,76,Strength Training,5,Present
167,100,24-07-2026,18:15,81,Functional Training,8,Present
168,13,19-04-2026,15:00,89,Strength Training,6,Late
169,80,11-05-2026,17:15,79,General Workout,2,Present
170,36,08-01-2026,19:30,39,Zumba,8,Present
171,27,07-01-2026,06:30,118,Strength Training,5,Present
172,12,30-04-2026,16:00,63,Functional Training,3,Present
173,8,17-06-2026,11:30,41,Cardio,1,Present
174,13,25-03-2026,21:30,67,Yoga,7,Present
175,125,18-08-2026,08:45,64,CrossFit,8,Present
176,28,14-05-2026,14:30,61,Functional Training,2,Present
177,83,28-02-2026,06:15,73,Yoga,5,Present
178,48,22-01-2026,09:45,111,General Workout,5,Present
179,95,23-03-2026,14:30,98,Zumba,3,Present
180,73,12-02-2026,07:30,83,Zumba,8,Present
181,20,11-07-2026,09:15,70,Cardio,6,Late
182,137,09-06-2026,20:30,94,CrossFit,5,Present
183,46,26-07-2026,18:45,44,Zumba,7,Present
184,23,13-06-2026,19:30,107,CrossFit,1,Present
185,12,30-04-2026,14:00,106,CrossFit,6,Present
186,11,06-01-2026,17:30,82,Yoga,7,Present
187,140,20-03-2026,18:00,102,Yoga,8,Present
188,65,14-05-2026,09:15,48,CrossFit,6,Present
189,141,30-01-2026,11:45,60,Yoga,8,Late
190,138,09-04-2026,06:30,37,Functional Training,2,Present
191,132,16-04-2026,08:15,64,General Workout,2,Present
192,120,11-03-2026,13:00,57,Strength Training,8,Present
193,105,08-06-2026,13:30,44,Zumba,1,Present
194,45,08-05-2026,08:15,90,Strength Training,5,Present
195,44,07-06-2026,18:45,90,Cardio,4,Late
196,68,03-02-2026,21:00,76,CrossFit,6,Present
197,71,06-01-2026,08:30,30,CrossFit,4,Present
198,146,28-07-2026,10:15,103,Cardio,2,Present
199,19,08-05-2026,07:00,75,CrossFit,5,Late
200,27,28-05-2026,19:45,100,Strength Training,2,Present
201,141,30-03-2026,06:15,62,Functional Training,3,Present
202,7,14-03-2026,06:30,68,Cardio,8,Present
203,92,09-06-2026,11:30,83,Strength Training,2,Present
204,19,23-07-2026,10:45,116,General Workout,8,Present
205,109,14-02-2026,21:00,41,Cardio,8,Late
206,71,06-03-2026,19:30,43,Strength Training,3,Present
207,96,04-07-2026,21:00,97,Cardio,8,Present
208,100,14-02-2026,08:30,42,General Workout,6,Present
209,67,12-05-2026,19:00,98,Cardio,3,Present
210,42,20-02-2026,11:30,70,CrossFit,6,Present
211,81,08-03-2026,13:30,69,Strength Training,6,Present
212,25,14-07-2026,11:00,44,Functional Training,5,Present
213,37,30-05-2026,14:15,50,Functional Training,2,Present
214,72,23-03-2026,18:30,54,General Workout,4,Present
215,53,11-06-2026,11:15,92,CrossFit,5,Present
216,13,02-08-2026,08:15,52,Zumba,3,Present
217,43,10-08-2026,15:00,88,General Workout,4,Present
218,66,13-08-2026,19:30,50,Strength Training,1,Present
219,88,27-05-2026,06:30,71,Functional Training,5,Late
220,12,19-07-2026,15:30,62,Strength Training,4,Present
221,150,20-07-2026,06:30,42,CrossFit,5,Present
222,19,02-07-2026,12:15,31,CrossFit,7,Present
223,64,10-04-2026,14:45,36,Yoga,7,Present
224,123,03-08-2026,14:00,64,Cardio,5,Late
225,14,16-04-2026,17:30,47,CrossFit,2,Late
226,50,31-03-2026,13:00,79,General Workout,2,Late
227,83,28-05-2026,09:00,73,Cardio,7,Present
228,44,22-01-2026,13:15,42,Cardio,2,Present
229,91,08-03-2026,15:30,103,General Workout,8,Present
230,138,18-01-2026,19:30,87,Strength Training,4,Present
231,142,12-04-2026,14:15,51,Zumba,5,Present
232,65,08-04-2026,16:15,92,Cardio,6,Present
233,3,30-07-2026,18:15,30,Cardio,4,Present
234,80,26-01-2026,10:15,49,Functional Training,6,Present
235,19,09-07-2026,21:15,113,Strength Training,7,Present
236,50,01-07-2026,18:45,111,CrossFit,5,Present
237,121,23-07-2026,18:00,61,Yoga,3,Present
238,128,07-08-2026,20:30,45,Functional Training,7,Present
239,83,08-05-2026,10:30,65,CrossFit,7,Late
240,128,23-04-2026,18:15,65,Yoga,2,Present
241,44,11-07-2026,12:15,74,General Workout,2,Late
242,60,24-07-2026,17:30,66,CrossFit,5,Present
243,51,21-02-2026,11:30,58,Functional Training,1,Present
244,14,08-03-2026,15:00,93,Strength Training,6,Late
245,41,04-01-2026,21:00,33,Cardio,4,Late
246,44,06-05-2026,06:15,34,Functional Training,5,Late
247,19,11-07-2026,19:45,107,Yoga,2,Present
248,90,20-07-2026,12:45,55,Yoga,5,Present
249,112,18-03-2026,07:45,51,General Workout,2,Present
250,77,01-05-2026,21:00,47,Functional Training,8,Present
251,101,22-07-2026,10:15,44,Cardio,3,Present
252,132,08-08-2026,16:30,41,Cardio,3,Present
253,39,23-03-2026,14:15,116,General Workout,6,Present
254,148,30-01-2026,15:45,115,Yoga,3,Present
255,130,21-02-2026,11:30,60,General Workout,7,Present
256,18,23-05-2026,15:45,78,Functional Training,5,Present
257,72,01-06-2026,08:30,96,General Workout,2,Present
258,2,28-06-2026,18:15,116,CrossFit,8,Present
259,24,29-04-2026,10:30,48,Yoga,7,Present
260,58,18-02-2026,17:30,74,Yoga,7,Present
261,2,15-07-2026,20:15,55,CrossFit,5,Present
262,35,19-04-2026,07:15,108,Strength Training,3,Present
263,142,20-02-2026,16:00,71,Strength Training,5,Present
264,132,19-04-2026,14:45,69,General Workout,3,Present
265,47,29-05-2026,21:15,61,Zumba,4,Late
266,109,13-02-2026,06:15,48,Zumba,3,Present
267,10,25-06-2026,10:45,101,Cardio,6,Present
268,123,15-05-2026,17:00,119,Yoga,3,Present
269,4,01-08-2026,12:45,89,Zumba,6,Late
270,64,01-06-2026,10:45,38,Cardio,1,Present
271,116,01-02-2026,16:30,116,General Workout,7,Present
272,92,19-06-2026,07:30,31,Functional Training,7,Present
273,136,28-04-2026,10:30,46,Yoga,1,Late
274,139,18-04-2026,13:00,59,CrossFit,5,Present
275,86,24-02-2026,08:00,76,Zumba,2,Present
276,74,20-01-2026,21:00,61,General Workout,2,Present
277,108,08-08-2026,10:30,107,General Workout,4,Present
278,125,09-06-2026,18:00,54,Cardio,6,Late
279,101,28-07-2026,13:15,89,Yoga,6,Late
280,139,07-08-2026,21:00,49,Zumba,6,Present
281,71,09-07-2026,08:15,49,General Workout,5,Present
282,77,14-01-2026,20:15,67,General Workout,3,Present
283,25,30-03-2026,14:45,95,Strength Training,8,Present
284,95,02-04-2026,15:00,77,Strength Training,8,Present
285,124,06-08-2026,14:00,115,Cardio,3,Present
286,9,05-08-2026,15:30,37,Functional Training,8,Present
287,25,24-01-2026,12:45,66,Cardio,6,Present
288,81,13-08-2026,06:00,93,Functional Training,2,Present
289,26,05-07-2026,20:45,72,Functional Training,1,Present
290,67,08-03-2026,15:15,73,Yoga,3,Late
291,67,31-01-2026,19:15,89,Cardio,4,Late
292,77,22-05-2026,10:30,119,Functional Training,8,Present
293,149,30-03-2026,15:45,116,Cardio,3,Late
294,86,19-03-2026,13:15,63,Yoga,2,Present
295,94,06-05-2026,18:00,65,Functional Training,7,Present
296,46,14-07-2026,21:45,120,Yoga,2,Present
297,19,27-05-2026,21:30,90,Strength Training,8,Late
298,135,30-03-2026,13:15,49,General Workout,7,Present
299,30,19-06-2026,13:30,33,Zumba,5,Late
300,44,24-08-2026,13:45,60,Functional Training,4,Present
301,90,15-08-2026,13:30,57,Cardio,3,Present
302,85,25-06-2026,07:15,46,Strength Training,8,Late
303,114,29-05-2026,20:45,73,CrossFit,6,Present
304,76,28-04-2026,11:15,117,General Workout,6,Late
305,118,04-02-2026,08:45,96,Functional Training,8,Present
306,18,22-08-2026,10:30,37,Strength Training,4,Present
307,82,27-01-2026,20:45,78,Zumba,8,Present
308,93,28-06-2026,18:30,111,General Workout,1,Present
309,22,16-05-2026,17:15,104,CrossFit,7,Present
310,29,26-05-2026,08:00,119,Strength Training,8,Present
311,24,10-06-2026,16:15,42,General Workout,2,Present
312,11,06-04-2026,20:00,90,Zumba,7,Present
313,102,30-01-2026,07:00,79,CrossFit,3,Present
314,64,03-08-2026,15:30,73,Cardio,3,Late
315,41,12-01-2026,12:00,46,Strength Training,3,Present
316,122,13-01-2026,20:30,32,CrossFit,5,Present
317,114,22-05-2026,21:15,95,Strength Training,6,Late
318,37,22-02-2026,21:15,60,Cardio,3,Present
319,102,05-01-2026,08:15,64,Cardio,5,Present
320,126,14-04-2026,17:45,96,Zumba,6,Present
321,128,16-01-2026,18:45,86,Zumba,1,Present
322,118,13-04-2026,14:00,98,Cardio,1,Present
323,80,03-06-2026,20:45,116,Strength Training,6,Late
324,30,21-08-2026,17:00,90,Yoga,1,Late
325,84,24-04-2026,11:00,79,General Workout,3,Present
326,52,11-07-2026,19:45,89,Yoga,6,Present
327,122,09-01-2026,19:45,52,Zumba,3,Present
328,80,05-05-2026,11:00,86,CrossFit,7,Present
329,55,28-05-2026,21:15,62,Functional Training,7,Present
330,117,01-08-2026,19:45,60,CrossFit,6,Present
331,6,08-03-2026,11:45,90,Strength Training,1,Present
332,35,27-07-2026,19:30,42,General Workout,1,Present
333,85,24-01-2026,21:00,69,Strength Training,6,Present
334,100,09-05-2026,13:15,32,Zumba,1,Present
335,21,27-06-2026,10:30,35,General Workout,1,Late
336,92,05-03-2026,06:15,98,Cardio,7,Present
337,35,01-02-2026,09:30,48,CrossFit,4,Present
338,44,08-07-2026,13:00,100,Cardio,7,Present
339,15,02-05-2026,13:45,65,Strength Training,1,Late
340,25,23-04-2026,19:45,89,Functional Training,6,Present
341,95,25-05-2026,07:45,42,CrossFit,7,Present
342,19,23-01-2026,16:45,92,General Workout,7,Present
343,25,29-01-2026,17:30,115,Cardio,3,Late
344,40,22-08-2026,14:45,72,General Workout,4,Present
345,139,13-06-2026,21:30,46,Strength Training,1,Late
346,114,04-05-2026,21:15,101,Zumba,5,Present
347,15,12-04-2026,11:00,73,Strength Training,5,Present
348,69,27-04-2026,09:00,45,Functional Training,2,Present
349,91,07-07-2026,20:15,78,Cardio,8,Present
350,90,18-03-2026,11:00,48,Cardio,1,Present
351,54,12-07-2026,13:15,59,Cardio,7,Late
352,10,01-05-2026,14:30,35,Cardio,8,Present
353,127,06-01-2026,11:30,36,Cardio,5,Present
354,59,07-07-2026,20:45,88,CrossFit,4,Present
355,16,21-04-2026,06:00,80,Yoga,8,Present
356,133,17-08-2026,21:00,36,Yoga,3,Present
357,111,28-03-2026,20:00,94,Yoga,3,Present
358,78,19-07-2026,09:30,56,Functional Training,8,Present
359,18,16-08-2026,13:45,40,Cardio,3,Present
360,61,16-02-2026,06:45,45,General Workout,2,Late
361,101,06-03-2026,14:45,52,CrossFit,7,Present
362,52,03-06-2026,15:00,78,Cardio,1,Present
363,17,18-08-2026,13:15,70,Functional Training,3,Late
364,83,12-07-2026,08:30,90,Functional Training,4,Present
365,37,18-07-2026,17:45,88,General Workout,8,Late
366,147,05-04-2026,12:30,35,Functional Training,4,Present
367,17,08-08-2026,18:00,33,Functional Training,6,Late
368,136,21-07-2026,09:00,72,Zumba,6,Late
369,11,02-04-2026,11:15,76,Strength Training,8,Present
370,67,11-08-2026,07:15,82,Functional Training,5,Present
371,85,19-03-2026,09:30,119,Zumba,6,Present
372,87,07-03-2026,12:00,61,Strength Training,1,Present
373,41,20-08-2026,12:15,85,Functional Training,7,Late
374,96,30-04-2026,21:15,88,Zumba,2,Present
375,35,24-02-2026,17:15,45,CrossFit,1,Late
376,91,09-04-2026,14:30,111,Zumba,5,Present
377,85,14-06-2026,18:00,70,Zumba,4,Late
378,87,22-04-2026,20:15,46,General Workout,5,Late
379,72,08-01-2026,21:00,95,Cardio,2,Present
380,48,15-01-2026,13:00,44,Yoga,1,Present
381,35,04-03-2026,19:00,112,CrossFit,5,Present
382,117,25-06-2026,08:30,56,Strength Training,4,Present
383,120,28-05-2026,15:45,64,Yoga,6,Late
384,129,17-08-2026,19:00,112,Zumba,5,Late
385,42,03-06-2026,20:15,42,Zumba,5,Present
386,131,15-04-2026,08:30,35,General Workout,7,Present
387,114,04-02-2026,09:30,113,Zumba,7,Present
388,74,14-01-2026,20:15,42,General Workout,2,Present
389,92,30-05-2026,08:15,100,Zumba,1,Present
390,23,10-02-2026,16:15,68,Zumba,6,Present
391,3,11-05-2026,16:45,50,Zumba,6,Late
392,8,18-08-2026,11:00,38,Zumba,8,Present
393,109,11-08-2026,13:30,75,Yoga,7,Present
394,144,15-03-2026,18:30,113,Cardio,3,Present
395,82,13-03-2026,19:15,119,Yoga,3,Present
396,92,07-05-2026,13:15,44,Yoga,8,Present
397,89,02-03-2026,09:15,34,Zumba,7,Present
398,40,23-01-2026,08:15,110,Functional Training,2,Late
399,32,04-04-2026,19:00,55,Zumba,7,Present
400,31,19-02-2026,15:00,41,CrossFit,5,Present
