member_id,member_name,gender,age,city,join_date,plan_id,trainer_id,membership_end_date,membership_status
1,Karan Shinde,Male,49,Thane,24-03-2025,3,1,23-09-2025,Active
2,Akash Kadam,Male,39,Mumbai,23-12-2025,1,5,22-01-2026,Cancelled
3,Kavya Sharma,Female,41,Pune,22-10-2025,4,5,21-10-2026,Active
4,Neha Chavan,Female,43,Thane,22-07-2026,3,7,21-01-2027,Active
5,Aditi Bhosale,Male,26,Mumbai,10-06-2026,5,8,09-07-2026,Active
6,Atharv Mehta,Male,47,Pune,16-03-2026,6,2,15-06-2026,Active
7,Kavya Iyer,Female,43,Pune,28-07-2026,5,5,27-08-2026,Active
8,Mahi Nair,Female,41,Navi Mumbai,10-01-2025,1,5,09-02-2025,Active
9,Sakshi Chavan,Male,36,Thane,23-04-2026,2,8,22-07-2026,Active
10,Manav Singh,Female,29,Pune,25-03-2026,3,2,24-09-2026,Active
11,Sakshi Jadhav,Male,30,Pune,07-03-2025,5,8,06-04-2025,Active
12,Vedant Yadav,Male,33,Mumbai,05-04-2025,1,1,04-05-2025,Active
13,Om Bhosale,Female,26,Navi Mumbai,01-01-2026,4,5,31-12-2026,Active
14,Dev Kulkarni,Male,37,Pune,01-06-2026,3,3,30-11-2026,Active
15,Raj Sharma,Male,42,Mumbai,17-06-2026,2,3,16-09-2026,Expired
16,Aditi Sharma,Female,38,Thane,28-12-2025,1,6,27-01-2026,Cancelled
17,Aditya Joshi,Male,45,Thane,25-05-2026,3,2,24-11-2026,Cancelled
18,Rahul Gupta,Male,20,Mumbai,13-03-2025,3,4,12-09-2025,Active
19,Aditi Joshi,Male,26,Navi Mumbai,11-05-2026,3,4,10-11-2026,Active
20,Vedant Chavan,Male,42,Thane,04-02-2026,5,3,03-03-2026,Active
21,Dev Pawar,Female,29,Thane,27-09-2025,1,3,26-10-2025,Active
22,Diya Singh,Male,31,Navi Mumbai,03-05-2025,3,8,02-11-2025,Active
23,Dev Iyer,Male,19,Thane,11-04-2026,1,2,10-05-2026,Active
24,Vedant Gupta,Male,35,Navi Mumbai,30-07-2026,5,6,29-08-2026,Active
25,Nikhil Deshmukh,Female,28,Mumbai,24-07-2026,4,5,23-07-2027,Active
26,Karan Nair,Female,35,Mumbai,09-07-2025,5,6,08-08-2025,Active
27,Rohan Sharma,Female,34,Pune,15-06-2025,2,6,14-09-2025,Active
28,Kavya Deshmukh,Male,40,Thane,09-04-2025,6,1,08-07-2025,Active
29,Pooja Mishra,Female,45,Mumbai,18-02-2026,5,1,17-03-2026,Active
30,Akash Patil,Female,19,Thane,03-02-2026,5,5,02-03-2026,Active
31,Dev More,Male,39,Navi Mumbai,06-05-2025,5,5,05-06-2025,Active
32,Neha Patil,Male,40,Thane,16-06-2025,4,2,15-06-2026,Active
33,Raj Mehta,Female,32,Navi Mumbai,31-12-2025,1,3,30-01-2026,Active
34,Shreya Singh,Male,32,Mumbai,09-07-2026,1,1,08-08-2026,Active
35,Om Joshi,Male,29,Mumbai,04-03-2026,1,8,03-04-2026,Active
36,Om Patil,Male,33,Pune,15-12-2025,5,5,14-01-2026,Active
37,Shreya Jadhav,Male,35,Thane,05-06-2026,1,4,04-07-2026,Expired
38,Mahi Iyer,Female,37,Navi Mumbai,03-01-2026,6,6,02-04-2026,Active
39,Aarav Jadhav,Female,20,Navi Mumbai,07-06-2025,1,7,06-07-2025,Active
40,Vikram Deshmukh,Male,31,Thane,14-07-2026,1,6,13-08-2026,Expired
41,Diya Kulkarni,Male,23,Navi Mumbai,25-01-2026,4,7,24-01-2027,Active
42,Rahul Bhosale,Male,28,Thane,15-07-2026,5,6,14-08-2026,Active
43,Raj Gupta,Male,48,Pune,01-01-2026,2,5,31-03-2026,Active
44,Om Iyer,Male,28,Mumbai,13-06-2026,2,3,12-09-2026,Active
45,Kavya Gupta,Male,33,Navi Mumbai,19-01-2026,6,1,18-04-2026,Active
46,Rohan Kadam,Female,37,Mumbai,12-05-2026,1,6,11-06-2026,Active
47,Riya Jadhav,Female,40,Mumbai,04-05-2025,2,8,03-08-2025,Active
48,Nikhil Mehta,Male,38,Pune,22-05-2026,1,2,21-06-2026,Expired
49,Sakshi Kadam,Female,29,Navi Mumbai,27-11-2025,3,6,26-05-2026,Expired
50,Akash Chavan,Female,31,Navi Mumbai,23-12-2025,5,4,22-01-2026,Expired
51,Neha More,Female,46,Thane,18-03-2026,3,3,17-09-2026,Active
52,Ananya Iyer,Male,35,Thane,28-08-2025,1,5,27-09-2025,Active
53,Tanvi Chavan,Female,24,Pune,14-02-2026,4,7,13-02-2027,Active
54,Tanvi Patil,Female,29,Mumbai,11-03-2026,6,4,10-06-2026,Active
55,Dev Verma,Female,39,Mumbai,14-05-2025,2,5,13-08-2025,Active
56,Meera More,Male,31,Pune,04-05-2025,1,4,03-06-2025,Active
57,Arjun Iyer,Male,24,Navi Mumbai,22-03-2025,3,6,21-09-2025,Active
58,Aditya Pawar,Male,44,Navi Mumbai,20-04-2026,2,4,19-07-2026,Active
59,Manav Mehta,Female,39,Thane,06-03-2026,1,5,05-04-2026,Active
60,Om Singh,Male,49,Navi Mumbai,19-09-2025,2,8,18-12-2025,Active
61,Mahi Gupta,Female,35,Pune,17-09-2025,1,6,16-10-2025,Expired
62,Manav Iyer,Female,48,Mumbai,25-02-2026,2,1,24-05-2026,Expired
63,Tanvi Jadhav,Male,22,Navi Mumbai,16-05-2026,6,6,15-08-2026,Active
64,Pooja Sharma,Female,33,Navi Mumbai,19-04-2025,5,7,18-05-2025,Cancelled
65,Meera Verma,Male,38,Thane,11-06-2026,3,3,10-12-2026,Active
66,Vedant Gupta,Male,27,Navi Mumbai,30-06-2026,6,7,29-09-2026,Active
67,Kavya Kulkarni,Male,35,Thane,05-02-2025,1,1,04-03-2025,Active
68,Isha Joshi,Female,49,Mumbai,11-07-2025,1,3,10-08-2025,Active
69,Dev Joshi,Female,27,Mumbai,10-07-2026,2,6,09-10-2026,Active
70,Nikhil More,Male,28,Navi Mumbai,07-04-2025,3,1,06-10-2025,Active
71,Arjun Kulkarni,Male,32,Pune,09-03-2026,6,2,08-06-2026,Active
72,Naina Chavan,Female,41,Navi Mumbai,03-07-2026,1,3,02-08-2026,Cancelled
73,Sneha Gupta,Male,25,Mumbai,27-07-2026,6,8,26-10-2026,Active
74,Naina Gupta,Female,19,Navi Mumbai,28-04-2025,2,3,27-07-2025,Active
75,Shreya Sharma,Female,47,Thane,22-10-2025,4,5,21-10-2026,Expired
76,Ananya Iyer,Male,40,Pune,22-05-2025,5,8,21-06-2025,Active
77,Nikhil Yadav,Female,47,Thane,28-07-2026,2,1,27-10-2026,Active
78,Sneha Bhosale,Male,22,Pune,10-10-2025,3,2,09-04-2026,Active
79,Vedant Sharma,Male,38,Navi Mumbai,13-04-2026,4,7,12-04-2027,Active
80,Nikhil Sharma,Male,22,Mumbai,05-04-2025,1,7,04-05-2025,Active
81,Atharv Mehta,Female,47,Navi Mumbai,06-06-2025,5,6,05-07-2025,Active
82,Riya Mishra,Male,46,Navi Mumbai,05-03-2026,3,6,04-09-2026,Active
83,Aditi Verma,Male,42,Mumbai,26-01-2026,5,8,25-02-2026,Active
84,Diya More,Female,45,Mumbai,29-10-2025,3,3,28-04-2026,Active
85,Simran Gupta,Male,28,Pune,28-06-2026,2,3,27-09-2026,Active
86,Dev Kadam,Male,33,Navi Mumbai,19-04-2025,3,2,18-10-2025,Expired
87,Simran Yadav,Female,28,Mumbai,22-06-2026,1,3,21-07-2026,Active
88,Rahul Jadhav,Female,50,Mumbai,04-04-2026,1,2,03-05-2026,Active
89,Sneha Kulkarni,Male,35,Navi Mumbai,09-05-2026,6,4,08-08-2026,Active
90,Rohan Iyer,Male,33,Pune,28-04-2026,1,1,27-05-2026,Cancelled
91,Mahi Yadav,Male,20,Mumbai,22-08-2025,5,6,21-09-2025,Active
92,Isha Kulkarni,Male,28,Navi Mumbai,28-03-2026,3,2,27-09-2026,Active
93,Aditya Shinde,Male,19,Thane,14-02-2026,3,6,13-08-2026,Active
94,Riya Verma,Male,38,Navi Mumbai,04-08-2026,1,3,03-09-2026,Expired
95,Raj Yadav,Female,44,Thane,23-05-2025,3,2,22-11-2025,Active
96,Aditi Singh,Male,25,Pune,27-03-2025,3,6,26-09-2025,Expired
97,Vedant Sharma,Male,39,Navi Mumbai,04-08-2026,6,5,03-11-2026,Active
98,Aditya Mishra,Female,25,Mumbai,06-09-2025,5,2,05-10-2025,Active
99,Nikhil Sharma,Female,36,Navi Mumbai,01-06-2025,1,5,30-06-2025,Active
100,Karan Mehta,Female,46,Mumbai,31-03-2026,2,1,29-06-2026,Active
101,Kavya Singh,Female,44,Pune,26-03-2026,5,5,25-04-2026,Expired
102,Aditi Gupta,Male,36,Pune,22-06-2025,2,6,21-09-2025,Active
103,Sahil Kadam,Male,39,Pune,19-06-2025,2,6,18-09-2025,Expired
104,Raj Singh,Female,46,Navi Mumbai,10-07-2026,1,5,09-08-2026,Active
105,Arjun Pawar,Male,45,Navi Mumbai,08-02-2025,1,5,07-03-2025,Expired
106,Kavya Patil,Female,37,Pune,24-05-2026,3,7,23-11-2026,Active
107,Akash Kadam,Male,18,Pune,03-06-2026,2,5,02-09-2026,Active
108,Riya Iyer,Female,40,Mumbai,08-01-2026,3,7,07-07-2026,Expired
109,Shreya Verma,Male,45,Navi Mumbai,29-06-2025,1,4,28-07-2025,Active
110,Shreya Deshmukh,Female,40,Mumbai,14-04-2025,2,2,13-07-2025,Active
111,Karan Yadav,Female,27,Pune,15-11-2025,3,6,14-05-2026,Expired
112,Arjun Iyer,Female,39,Navi Mumbai,19-04-2025,4,2,18-04-2026,Expired
113,Mahi Deshmukh,Female,26,Mumbai,31-08-2025,1,6,29-09-2025,Active
114,Rohan Shinde,Female,21,Pune,10-03-2026,1,8,09-04-2026,Expired
115,Naina Yadav,Female,33,Pune,18-02-2025,3,2,17-08-2025,Active
116,Kavya Singh,Female,24,Navi Mumbai,12-01-2025,1,3,11-02-2025,Expired
117,Sneha Bhosale,Female,38,Pune,25-02-2026,2,2,24-05-2026,Expired
118,Diya Kulkarni,Female,34,Mumbai,28-08-2025,6,5,27-11-2025,Expired
119,Dev Singh,Male,46,Navi Mumbai,24-06-2026,4,5,23-06-2027,Active
120,Riya Sharma,Male,39,Thane,29-09-2025,2,5,28-12-2025,Active
121,Naina Mishra,Female,42,Mumbai,11-12-2025,5,2,10-01-2026,Active
122,Raj Jadhav,Male,40,Pune,09-04-2026,6,7,08-07-2026,Active
123,Dev Shinde,Male,19,Thane,07-05-2026,5,5,06-06-2026,Active
124,Naina Singh,Female,37,Thane,29-04-2025,3,1,28-10-2025,Expired
125,Isha Patil,Female,47,Mumbai,01-03-2025,1,4,31-03-2025,Active
126,Dev Mehta,Male,22,Mumbai,24-10-2025,5,1,23-11-2025,Active
127,Varun Iyer,Male,36,Pune,02-02-2026,5,2,01-03-2026,Active
128,Dev Pawar,Male,35,Navi Mumbai,14-07-2025,6,8,13-10-2025,Cancelled
129,Dev Verma,Female,27,Mumbai,12-03-2025,4,1,11-03-2026,Active
130,Meera Shinde,Male,31,Thane,12-05-2025,2,2,11-08-2025,Active
131,Arjun Shinde,Female,22,Thane,01-02-2025,1,5,28-02-2025,Expired
132,Sneha Singh,Male,30,Thane,11-01-2025,2,2,10-04-2025,Active
133,Vedant Yadav,Male,47,Thane,06-07-2026,2,5,05-10-2026,Active
134,Nikhil Deshmukh,Female,34,Pune,24-06-2025,5,3,23-07-2025,Active
135,Atharv Yadav,Male,36,Mumbai,02-07-2025,2,4,01-10-2025,Cancelled
136,Atharv Patil,Female,27,Thane,20-08-2025,6,6,19-11-2025,Active
137,Nikhil Chavan,Male,48,Thane,01-08-2025,3,2,31-01-2026,Active
138,Yash Chavan,Male,30,Navi Mumbai,18-02-2025,2,3,17-05-2025,Cancelled
139,Arjun Sharma,Female,24,Thane,31-01-2025,6,1,29-04-2025,Cancelled
140,Sahil Patil,Female,49,Pune,09-12-2025,3,7,08-06-2026,Active
141,Arjun Iyer,Female,40,Pune,17-12-2025,5,1,16-01-2026,Expired
142,Priya Mishra,Male,48,Navi Mumbai,22-01-2025,3,2,21-07-2025,Active
143,Akash Deshmukh,Female,25,Navi Mumbai,18-02-2026,6,8,17-05-2026,Active
144,Mahi Sharma,Male,20,Pune,12-10-2025,3,4,11-04-2026,Cancelled
145,Kavya Kulkarni,Female,45,Thane,16-05-2025,2,7,15-08-2025,Expired
146,Sneha Kadam,Female,41,Navi Mumbai,24-07-2026,3,7,23-01-2027,Active
147,Riya More,Male,30,Thane,26-09-2025,4,8,25-09-2026,Expired
148,Sahil Pawar,Female,47,Pune,30-06-2025,1,8,29-07-2025,Active
149,Rahul Singh,Female,39,Mumbai,25-10-2025,1,5,24-11-2025,Active
150,Neha Singh,Male,21,Navi Mumbai,18-11-2025,5,7,17-12-2025,Active
