membership_id,member_id,plan_id,start_date,end_date,status
1,64,3,14-08-2026,13-02-2027,Cancelled
2,58,3,04-10-2025,03-04-2026,Active
3,73,2,03-08-2026,02-11-2026,Cancelled
4,124,3,16-04-2026,15-10-2026,Active
5,141,2,30-09-2025,29-12-2025,Cancelled
6,102,1,03-07-2025,02-08-2025,Renewed
7,24,5,15-01-2026,14-02-2026,Renewed
8,144,6,08-01-2025,07-04-2025,Active
9,18,1,17-01-2025,16-02-2025,Active
10,81,6,15-05-2025,14-08-2025,Active
11,6,4,22-02-2025,21-02-2026,Active
12,28,4,22-02-2025,21-02-2026,Expired
13,40,4,25-07-2025,24-07-2026,Expired
14,10,3,09-04-2026,08-10-2026,Active
15,52,1,16-11-2025,15-12-2025,Renewed
16,115,6,26-06-2026,25-09-2026,Active
17,108,6,14-02-2026,13-05-2026,Active
18,27,3,15-02-2026,14-08-2026,Expired
19,92,1,24-03-2025,23-04-2025,Active
20,48,1,09-09-2025,08-10-2025,Expired
21,10,1,09-11-2025,08-12-2025,Active
22,53,1,08-01-2025,07-02-2025,Cancelled
23,43,4,21-07-2025,20-07-2026,Renewed
24,23,4,20-05-2026,19-05-2027,Active
25,87,3,02-07-2025,01-01-2026,Expired
26,12,1,22-05-2025,21-06-2025,Renewed
27,113,1,08-06-2026,07-07-2026,Active
28,39,5,06-04-2026,05-05-2026,Renewed
29,6,3,26-05-2026,25-11-2026,Expired
30,150,6,23-06-2025,22-09-2025,Expired
31,131,1,14-07-2025,13-08-2025,Expired
32,126,1,12-05-2025,11-06-2025,Renewed
33,26,5,06-03-2026,05-04-2026,Active
34,95,5,03-05-2025,02-06-2025,Expired
35,150,5,19-04-2025,18-05-2025,Cancelled
36,126,1,17-02-2026,16-03-2026,Renewed
37,88,3,24-09-2025,23-03-2026,Cancelled
38,15,4,09-02-2026,08-02-2027,Expired
39,85,1,09-02-2026,08-03-2026,Renewed
40,107,5,31-05-2025,29-06-2025,Cancelled
41,149,4,20-07-2025,19-07-2026,Cancelled
42,141,6,04-04-2025,03-07-2025,Expired
43,69,1,12-04-2026,11-05-2026,Expired
44,97,3,18-08-2025,17-02-2026,Renewed
45,102,2,14-06-2026,13-09-2026,Expired
46,147,1,28-06-2025,27-07-2025,Active
47,136,6,18-05-2025,17-08-2025,Cancelled
48,40,6,08-06-2025,07-09-2025,Active
49,76,2,18-02-2026,17-05-2026,Expired
50,134,2,24-04-2026,23-07-2026,Active
51,94,1,27-01-2026,26-02-2026,Active
52,31,5,18-06-2026,17-07-2026,Renewed
53,3,3,06-05-2025,05-11-2025,Cancelled
54,31,4,03-07-2026,02-07-2027,Active
55,27,2,25-08-2025,24-11-2025,Expired
56,88,2,29-01-2026,28-04-2026,Cancelled
57,112,6,19-07-2025,18-10-2025,Renewed
58,135,2,25-04-2026,24-07-2026,Renewed
59,9,6,08-06-2026,07-09-2026,Expired
60,25,6,17-02-2026,16-05-2026,Active
61,45,1,14-07-2025,13-08-2025,Cancelled
62,103,1,12-04-2026,11-05-2026,Active
63,6,2,12-05-2025,11-08-2025,Expired
64,140,4,17-08-2026,16-08-2027,Renewed
65,86,2,24-09-2025,23-12-2025,Expired
66,33,4,30-10-2025,29-10-2026,Renewed
67,82,3,04-02-2025,03-08-2025,Active
68,52,6,06-01-2026,05-04-2026,Active
69,14,6,24-02-2025,23-05-2025,Renewed
70,50,6,12-05-2026,11-08-2026,Active
71,122,1,07-05-2025,06-06-2025,Expired
72,70,2,30-08-2025,29-11-2025,Cancelled
73,19,4,13-12-2025,12-12-2026,Cancelled
74,10,5,24-07-2026,23-08-2026,Renewed
75,140,1,18-04-2025,17-05-2025,Cancelled
76,65,2,21-04-2025,20-07-2025,Renewed
77,20,1,19-07-2025,18-08-2025,Active
78,38,2,26-12-2025,25-03-2026,Active
79,41,1,29-12-2025,28-01-2026,Expired
80,1,3,01-05-2025,31-10-2025,Active
81,70,5,21-05-2025,20-06-2025,Cancelled
82,30,5,05-08-2025,04-09-2025,Cancelled
83,30,5,19-01-2025,18-02-2025,Expired
84,55,5,17-02-2026,16-03-2026,Active
85,59,3,16-05-2025,15-11-2025,Active
86,34,2,29-06-2025,28-09-2025,Expired
87,134,6,22-01-2026,21-04-2026,Expired
88,126,5,21-04-2026,20-05-2026,Renewed
89,102,1,24-10-2025,23-11-2025,Active
90,93,3,25-06-2025,24-12-2025,Cancelled
91,100,5,29-11-2025,28-12-2025,Cancelled
92,39,3,24-05-2025,23-11-2025,Renewed
93,111,3,14-03-2025,13-09-2025,Expired
94,126,3,19-09-2025,18-03-2026,Renewed
95,104,4,10-02-2025,09-02-2026,Cancelled
96,120,1,18-08-2025,17-09-2025,Expired
97,101,6,22-02-2025,21-05-2025,Cancelled
98,88,1,19-10-2025,18-11-2025,Renewed
99,94,4,12-01-2025,11-01-2026,Renewed
100,13,3,14-03-2026,13-09-2026,Cancelled
101,57,2,28-07-2025,27-10-2025,Renewed
102,43,4,11-07-2026,10-07-2027,Renewed
103,119,1,11-01-2025,10-02-2025,Renewed
104,73,3,21-10-2025,20-04-2026,Renewed
105,79,1,07-09-2025,06-10-2025,Renewed
106,46,1,17-11-2025,16-12-2025,Renewed
107,139,2,11-05-2025,10-08-2025,Renewed
108,100,6,05-01-2025,04-04-2025,Renewed
109,87,4,31-05-2026,30-05-2027,Renewed
110,91,1,23-02-2026,22-03-2026,Cancelled
111,140,1,27-05-2026,26-06-2026,Expired
112,12,6,12-09-2025,11-12-2025,Renewed
113,44,2,04-02-2025,03-05-2025,Renewed
114,105,5,07-12-2025,06-01-2026,Expired
115,128,1,26-04-2025,25-05-2025,Active
116,7,5,15-06-2026,14-07-2026,Renewed
117,105,6,23-01-2025,22-04-2025,Active
118,46,5,11-05-2025,10-06-2025,Expired
119,4,4,18-01-2025,17-01-2026,Active
120,109,5,29-05-2025,28-06-2025,Cancelled
121,80,2,26-05-2026,25-08-2026,Expired
122,14,6,24-01-2026,23-04-2026,Expired
123,71,3,11-08-2025,10-02-2026,Active
124,120,4,07-10-2025,06-10-2026,Renewed
125,99,3,04-08-2025,03-02-2026,Expired
126,54,1,19-03-2026,18-04-2026,Renewed
127,113,4,12-06-2025,11-06-2026,Active
128,74,1,17-01-2026,16-02-2026,Expired
129,75,3,29-03-2026,28-09-2026,Renewed
130,113,2,26-12-2025,25-03-2026,Expired
131,17,5,13-08-2026,12-09-2026,Active
132,54,2,22-06-2025,21-09-2025,Active
133,33,6,19-03-2026,18-06-2026,Renewed
134,131,4,10-06-2025,09-06-2026,Expired
135,120,1,14-08-2025,13-09-2025,Expired
136,31,2,02-08-2026,01-11-2026,Cancelled
137,126,1,16-01-2026,15-02-2026,Active
138,33,6,18-01-2026,17-04-2026,Expired
139,47,1,18-05-2026,17-06-2026,Cancelled
140,44,3,30-01-2026,29-07-2026,Cancelled
141,127,5,28-05-2026,27-06-2026,Expired
142,121,1,15-05-2026,14-06-2026,Renewed
143,56,3,01-12-2025,31-05-2026,Expired
144,111,1,14-03-2026,13-04-2026,Cancelled
145,81,1,14-03-2025,13-04-2025,Active
146,75,3,21-10-2025,20-04-2026,Renewed
147,9,5,17-03-2026,16-04-2026,Cancelled
148,137,3,04-12-2025,03-06-2026,Active
149,8,4,02-10-2025,01-10-2026,Cancelled
150,30,3,11-07-2026,10-01-2027,Active
151,1,1,01-08-2025,31-08-2025,Expired
152,17,3,15-03-2026,14-09-2026,Active
153,67,6,30-01-2025,29-04-2025,Expired
154,119,5,15-03-2025,14-04-2025,Cancelled
155,108,1,16-01-2025,15-02-2025,Active
156,16,1,13-08-2026,12-09-2026,Cancelled
157,74,3,13-11-2025,12-05-2026,Renewed
158,17,3,15-04-2025,14-10-2025,Cancelled
159,125,3,11-09-2025,10-03-2026,Expired
160,18,1,25-06-2025,24-07-2025,Cancelled
161,75,5,09-02-2025,08-03-2025,Expired
162,17,5,01-06-2026,30-06-2026,Active
163,73,5,06-12-2025,05-01-2026,Expired
164,20,3,03-07-2025,02-01-2026,Expired
165,125,6,24-08-2025,23-11-2025,Expired
166,98,6,03-08-2026,02-11-2026,Renewed
167,145,3,09-04-2025,08-10-2025,Renewed
168,135,3,23-10-2025,22-04-2026,Expired
169,69,4,07-11-2025,06-11-2026,Cancelled
170,131,1,08-12-2025,07-01-2026,Cancelled
171,129,1,23-01-2026,22-02-2026,Cancelled
172,94,5,29-12-2025,28-01-2026,Renewed
173,36,3,05-07-2025,04-01-2026,Cancelled
174,83,4,19-03-2025,18-03-2026,Renewed
175,55,3,30-01-2025,29-07-2025,Cancelled
176,103,1,10-08-2025,09-09-2025,Cancelled
177,127,3,24-01-2025,23-07-2025,Renewed
178,150,6,21-10-2025,20-01-2026,Expired
179,107,6,31-01-2026,29-04-2026,Active
180,79,6,03-08-2025,02-11-2025,Expired
